group,avg_score,num_reviews
A,3.8615209988649264,4405
B,3.9152387480009136,4377
